Ref,Val,Package,PosX,PosY,Rot,Side
"C1","0.1uF","C_0402_1005Metric",132.500000,-97.750000,180.000000,top
"C2","10nF","C_0402_1005Metric",145.500000,-98.750000,0.000000,top
"C3","1uF","C_0402_1005Metric",132.500000,-99.000000,180.000000,top
"C4","1uF","C_0402_1005Metric",136.130000,-105.060000,0.000000,top
"P1","USB_C_Plug_USB2.0","USB_C_Plug_Molex_105444",143.250000,-90.000000,0.000000,top
"R1","5.1k","R_0402_1005Metric",139.750000,-95.000000,0.000000,top
"U1","CH340C","SOIC-16_3.9x9.9mm_P1.27mm",143.500000,-103.750000,270.000000,top
"U2","AP2112K-3.3","SOT-23-5",133.760000,-102.110000,270.000000,top
